{
    "loss": 10.982263565063477,
    "accuracy": 0.7084555625915527
}