{
    "loss": 8.033443450927734,
    "accuracy": 0.7664710879325867
}