{
    "loss": 8.033442497253418,
    "accuracy": 0.7664710879325867
}