{
    "loss": 10.429544448852539,
    "accuracy": 0.7045878767967224
}