{
    "loss": 1.6710200309753418,
    "accuracy": 0.9059749245643616
}