{
    "loss": 1.8109261989593506,
    "accuracy": 0.8992000222206116
}