{
    "loss": 2.260108709335327,
    "accuracy": 0.887333333492279
}