{
    "loss": 6.629029750823975,
    "accuracy": 0.7822085618972778
}